{
   "soundSettings.volumeLevels":{
      "timestamp":1598212756625,
      "value":{
         "MEDIA":10
      }
   },
   "serialDisplayCommands.commandsMap":{
      "timestamp":1598212756625,
      "value":{
         
      }
   },
   "securitySettings.encryptMediaFiles":{
      "timestamp":1598212756625,
      "value":false
   },
   "securitySettings.diagnosticsAppPassword":{
      "timestamp":1598212756625,
      "value":null
   },
   "securitySettings.playerConfigAppPassword":{
      "timestamp":1598212756625,
      "value":null
   },
   "securitySettings.vodAppPassword":{
      "timestamp":1598212756625,
      "value":null
   },
   "siteSettings.customParamsMap15":{
      "timestamp":1598212756625,
      "value":null
   },
   "siteSettings.customParamsMap8":{
      "timestamp":1598212756625,
      "value":null
   },
   "siteSettings.customParamsMap4":{
      "timestamp":1598212756625,
      "value":null
   },
   "siteSettings.customParamsMap11":{
      "timestamp":1598212756625,
      "value":null
   },
   "siteSettings.bandwidthSettings":{
      "timestamp":1598212756625,
      "value":null
   },
   "siteSettings.siteId":{
      "timestamp":1633345168481,
      "value":"12345"
   },
   "siteSettings.customParamsMap7":{
      "timestamp":1598212756625,
      "value":null
   },
   "siteSettings.zipCode":{
      "timestamp":1633345168481,
      "value":"1234556"
   },
   "siteSettings.openingHours":{
      "timestamp":1598212756625,
      "value":null
   },
   "siteSettings.longitude":{
      "timestamp":1598212756625,
      "value":null
   },
   "siteSettings.latitude":{
      "timestamp":1598212756625,
      "value":null
   },
   "siteSettings.customParamsMap3":{
      "timestamp":1598212756625,
      "value":null
   },
   "siteSettings.customParamsMap14":{
      "timestamp":1598212756625,
      "value":null
   },
   "siteSettings.customParamsMap2":{
      "timestamp":1598212756625,
      "value":null
   },
   "siteSettings.customParamsMap6":{
      "timestamp":1598212756625,
      "value":null
   },
   "siteSettings.customParamsMap9":{
      "timestamp":1598212756625,
      "value":null
   },
   "siteSettings.customParamsMap12":{
      "timestamp":1598212756625,
      "value":null
   },
   "siteSettings.sleepMode":{
      "timestamp":1598212756625,
      "value":"PLAYBACK"
   },
   "siteSettings.customParamsMap1":{
      "timestamp":1598212756625,
      "value":null
   },
   "siteSettings.customParamsMap5":{
      "timestamp":1598212756625,
      "value":null
   },
   "siteSettings.customParamsMap13":{
      "timestamp":1598212756625,
      "value":null
   },
   "siteSettings.customParamsMap10":{
      "timestamp":1598212756625,
      "value":null
   },
   "siteSettings.contentDownloadWindows":{
      "timestamp":1598212756625,
      "value":null
   },
   "cloudApiSettings.baseServerApiUrl":{
      "timestamp":1636453042327,
      "value":"https://mvision-qa.moodmedia.com/v5/"
   },
   "cloudApiSettings.baseServerUpgradeUrl":{
      "timestamp":1598212756828,
      "value":"https://mvision-qa.moodmedia.com/env_updates/software/ANDROID_PLAYER"
   },
   "platformSettings.adbEnabled":{
      "timestamp":1598212756625,
      "value":false
   },
   "platformSettings.zidooSoundOutputRaw":{
      "timestamp":1598212756625,
      "value":true
   },
   "platformSettings.usePowerKeyForScreenOff":{
      "timestamp":1598212756625,
      "value":true
   },
   "displaySettings.displayDensity":{
      "timestamp":1598212756625,
      "value":160
   },
   "displaySettings.displayOrientation":{
      "timestamp":1598212756625,
      "value":"DEG_0"
   },
   "displaySettings.displayScale":{
      "timestamp":1598212756625,
      "value":100
   },
   "displaySettings.displayResolution":{
      "timestamp":1598212756625,
      "value":{
         "auto":false,
         "width":1920,
         "height":1080,
         "frequency":60
      }
   },
   "displaySettings.displayBrightness":{
      "timestamp":1598212756625,
      "value":null
   },
   "contentSettings.networkNotAvailableMessage":{
      "timestamp":1598212756625,
      "value":null
   },
   "contentSettings.storedTracksCountLimit":{
      "timestamp":1598212756625,
      "value":1073741823
   },
   "softwareSettings.liveCommandsEnabled":{
      "timestamp":1598212756625,
      "value":true
   },
   "softwareSettings.earlyAdopter":{
      "timestamp":1598212756625,
      "value":false
   },
   "softwareSettings.httpServiceMaxWorkers":{
      "timestamp":1598212756625,
      "value":3
   },
   "softwareSettings.headlessSetupEnabled":{
      "timestamp":1598212756625,
      "value":true
   },
   "hardwareSettings.networkHostname":{
      "timestamp":1598212756625,
      "value":null
   },
   "hardwareSettings.knownSerialProductIds":{
      "timestamp":1598212756625,
      "value":[
         
      ]
   },
   "loggingSettings.playbackLogsFileEnabled":{
      "timestamp":1598212756625,
      "value":true
   },
   "loggingSettings.activityLogsAutoUploadEnabled":{
      "timestamp":1598212756625,
      "value":false
   },
   "loggingSettings.activityLogsFileEnabled":{
      "timestamp":1598212756625,
      "value":false
   },
   "loggingSettings.activityLogsAutoUploadIntervalMillis":{
      "timestamp":1598212756625,
      "value":7200000
   },
   "loggingSettings.activityLogsBufferMaxSizeBytes":{
      "timestamp":1598212756625,
      "value":5242880
   },
   "cronSettings.playerFilesDownloadIntervalSeconds":{
      "timestamp":1598212756625,
      "value":600
   },
   "cronSettings.monitorDataUploadIntervalSeconds":{
      "timestamp":1598212756625,
      "value":300
   },
   "cronSettings.playlistFeedsUpdateIntervalSeconds":{
      "timestamp":1598212756625,
      "value":300
   },
   "cronSettings.playlistUpdateIntervalSeconds":{
      "timestamp":1598212756625,
      "value":600
   },
   "clientSettings.projectId":{
      "timestamp":1598212756625,
      "value":null
   },
   "timeSettings.timeZone":{
      "timestamp":1633345168481,
      "value":"Europe/Bucharest"
   },
   "playbackSettings.playlistUpdateInstantReload":{
      "timestamp":1598212756625,
      "value":false
   },
   "playbackSettings.multiZoneNoMediaFillColor":{
      "timestamp":1598212756625,
      "value":"#00000000"
   },
   "playbackSettings.syncPlaybackTimeoutMillis":{
      "timestamp":1598212756625,
      "value":500
   },
   "playbackSettings.forceReportNowPlayingData":{
      "timestamp":1598212756625,
      "value":false
   },
   "watchdogSettings.playbackRestartTimeoutMillis":{
      "timestamp":1598212756625,
      "value":60000
   },
   "watchdogSettings.watchdogEnabled":{
      "timestamp":1598212756625,
      "value":true
   },
   "appCommunicationSettings.p2pSettings.serverEnabled":{
      "timestamp":1598212756625,
      "value":false
   },
   "appCommunicationSettings.p2pSettings.port":{
      "timestamp":1598212756625,
      "value":9000
   },
   "appCommunicationSettings.p2pSettings.clientEnabled":{
      "timestamp":1598212756625,
      "value":false
   },
   "appCommunicationSettings.multicastSettings.defaultMulticastAddress":{
      "timestamp":1598212756625,
      "value":"230.0.0.1"
   },
   "appCommunicationSettings.multicastSettings.defaultMulticastPort":{
      "timestamp":1598212756625,
      "value":4446
   },
   "contentSettings.purgeSettings.statisticsPurgeUntouchedDays":{
      "timestamp":1598212756625,
      "value":1000
   },
   "contentSettings.purgeSettings.customDirectories":{
      "timestamp":1598212756625,
      "value":null
   },
   "contentSettings.purgeSettings.mediaFilesPurgeUntouchedDays":{
      "timestamp":1598212756625,
      "value":15
   },
   "contentSettings.purgeSettings.logsPurgeUntouchedDays":{
      "timestamp":1598212756625,
      "value":7
   },
   "networkSettings.httpProxySettings.port":{
      "timestamp":1636453042327,
      "value":80
   },
   "networkSettings.httpProxySettings.host":{
      "timestamp":1636453042327,
      "value":null
   },
   "networkSettings.httpProxySettings.password":{
      "timestamp":1636453042327,
      "value":null
   },
   "networkSettings.httpProxySettings.proxyEnabled":{
      "timestamp":1636453042327,
      "value":false
   },
   "networkSettings.httpProxySettings.excludedHostsList":{
      "timestamp":1636453042327,
      "value":[
         
      ]
   },
   "networkSettings.httpProxySettings.username":{
      "timestamp":1636453042327,
      "value":null
   },
   "networkSettings.ethernetSettings.allowConfigurationChange":{
      "timestamp":1598212756625,
      "value":true
   },
   "networkSettings.ethernetSettings.interfaceEnabled":{
      "timestamp":1636453042327,
      "value":true
   },
   "networkSettings.ethernetSettings.dhcpEnabled":{
      "timestamp":1636453042327,
      "value":true
   },
   "networkSettings.ethernetSettings.vlanConfigurations":{
      "timestamp":1636453042327,
      "value":null
   },
   "networkSettings.wifiSettings.allowConfigurationChange":{
      "timestamp":1636149713781,
      "value":true
   },
   "networkSettings.wifiSettings.dhcpEnabled":{
      "timestamp":1636453042327,
      "value":true
   },
   "networkSettings.wifiSettings.vlanConfigurations":{
      "timestamp":1636453042327,
      "value":null
   },
   "networkSettings.wifiSettings.interfaceEnabled":{
      "timestamp":1636453042327,
      "value":false
   },
   "playbackSettings.flashMediaSettings.useAirRuntime":{
      "timestamp":1598212756625,
      "value":false
   },
   "playbackSettings.vodSettings.mediaFrameBackgroundColor":{
      "timestamp":1598212756625,
      "value":"#1a1a1a"
   },
   "playbackSettings.vodSettings.mediaListZoneFramePortrait":{
      "timestamp":1598212756625,
      "value":{
         "top":10.0,
         "left":4.0,
         "width":92.0,
         "height":80.0
      }
   },
   "playbackSettings.vodSettings.mediaTitleTextColorFocused":{
      "timestamp":1598212756625,
      "value":"#e8e8e8"
   },
   "playbackSettings.vodSettings.timeoutIntervalSeconds":{
      "timestamp":1598212756625,
      "value":300
   },
   "playbackSettings.vodSettings.mediaTitleTextColor":{
      "timestamp":1598212756625,
      "value":"#e8e8e8"
   },
   "playbackSettings.vodSettings.mediaFrameFocusBackgroundColor":{
      "timestamp":1598212756625,
      "value":"#cf102d"
   },
   "playbackSettings.vodSettings.isHintEnable":{
      "timestamp":1598212756625,
      "value":true
   },
   "playbackSettings.vodSettings.mediaListZoneFrameLandscape":{
      "timestamp":1598212756625,
      "value":{
         "top":10.0,
         "left":4.0,
         "width":92.0,
         "height":80.0
      }
   },
   "playbackSettings.videoSettings.videoPlayerType":{
      "timestamp":1598212756625,
      "value":null
   },
   "playbackSettings.videoSettings.videoRenderingMode":{
      "timestamp":1598212756625,
      "value":null
   },
   "playbackSettings.webPageSettings.purgeWebCacheOnStart":{
      "timestamp":1598212756625,
      "value":false
   },
   "playbackSettings.webPageSettings.crosswalkUseTextureView":{
      "timestamp":1598212756625,
      "value":true
   },
   "playbackSettings.webPageSettings.allowedUrls":{
      "timestamp":1598212756625,
      "value":null
   },
   "playbackSettings.audioSettings.musicStaticCrossfadeDurationMillis":{
      "timestamp":1598212756625,
      "value":5000
   },
   "playbackSettings.audioSettings.musicSmoothStopDurationMillis":{
      "timestamp":1598212756625,
      "value":3000
   },
   "playbackSettings.audioSettings.musicCrossfadeMode":{
      "timestamp":1598212756625,
      "value":"STATIC"
   },
   "playbackSettings.audioSettings.duckingPercent":{
      "timestamp":1598212756625,
      "value":0
   },
   "playbackSettings.audioSettings.duckingDuration":{
      "timestamp":1598212756625,
      "value":2000
   },
   "playbackSettings.audioSettings.musicTracksVolume":{
      "timestamp":1598212756625,
      "value":100
   },
   "playbackSettings.audioSettings.audioPlayerType":{
      "timestamp":1598212756625,
      "value":null
   },
   "playbackSettings.audioSettings.musicSmoothStopPercent":{
      "timestamp":1598212756625,
      "value":30
   },
   "playbackSettings.playbackInteractionSettings.onTouchAction":{
      "timestamp":1598212756625,
      "value":{
         "type":"DO_NOTHING",
         "parameters":null
      }
   },
   "softwareSettings.resetSettings.resetTime":{
      "timestamp":1598212756625,
      "value":"03:00:00"
   },
   "softwareSettings.resetSettings.resetMode":{
      "timestamp":1598212756625,
      "value":"REBOOT_DEVICE"
   },
   "softwareSettings.debugSettings.streamMusicTracks":{
      "timestamp":1598212756625,
      "value":false
   },
   "softwareSettings.debugSettings.deletePlaylistOnLaunch":{
      "timestamp":1598212756625,
      "value":false
   },
   "softwareSettings.debugSettings.monitoringDisabled":{
      "timestamp":1598212756625,
      "value":false
   },
   "softwareSettings.debugSettings.deleteMediaOnLaunch":{
      "timestamp":1598212756625,
      "value":false
   },
   "softwareSettings.debugSettings.networkSetupDisabled":{
      "timestamp":1598212756625,
      "value":false
   },
   "softwareSettings.debugSettings.debugViewVisible":{
      "timestamp":1598212756625,
      "value":false
   },
   "softwareSettings.debugSettings.playbackLogsUploadDisabled":{
      "timestamp":1598212756625,
      "value":false
   },
   "softwareSettings.debugSettings.useHeadlessSetupWebAppDevBuild":{
      "timestamp":1598212756625,
      "value":false
   },
   "softwareSettings.debugSettings.crashLoggerEnabled":{
      "timestamp":1598212756625,
      "value":false
   },
   "softwareSettings.debugSettings.playerFilesUpdateDisabled":{
      "timestamp":1598212756625,
      "value":false
   },
   "timeSettings.timeSyncSettings.syncMode":{
      "timestamp":1636453042327,
      "value":"NTP_DEFAULT"
   },
   "timeSettings.timeSyncSettings.customNtpServerUrl":{
      "timestamp":1636453042327,
      "value":null
   },
   "networkSettings.wifiSettings.wifiAccessPointSettings.ssid":{
      "timestamp":1636453042327,
      "value":null
   },
   "networkSettings.wifiSettings.wifiAccessPointSettings.password":{
      "timestamp":1636453042327,
      "value":null
   },
   "networkSettings.wifiSettings.wifiAccessPointSettings.authenticationType":{
      "timestamp":1636453042327,
      "value":"NONE"
   },
   "networkSettings.wifiSettings.networkLinkSettings.dns2":{
      "timestamp":1636453042327,
      "value":null
   },
   "networkSettings.wifiSettings.networkLinkSettings.gateway":{
      "timestamp":1636453042327,
      "value":null
   },
   "networkSettings.wifiSettings.networkLinkSettings.ipAddress":{
      "timestamp":1636453042327,
      "value":null
   },
   "networkSettings.wifiSettings.networkLinkSettings.dns1":{
      "timestamp":1636453042327,
      "value":null
   },
   "networkSettings.wifiSettings.networkLinkSettings.netmask":{
      "timestamp":1636453042327,
      "value":null
   },
   "networkSettings.ethernetSettings.networkLinkSettings.dns2":{
      "timestamp":1636453042327,
      "value":null
   },
   "networkSettings.ethernetSettings.networkLinkSettings.gateway":{
      "timestamp":1636453042327,
      "value":null
   },
   "networkSettings.ethernetSettings.networkLinkSettings.ipAddress":{
      "timestamp":1636453042327,
      "value":null
   },
   "networkSettings.ethernetSettings.networkLinkSettings.netmask":{
      "timestamp":1636453042327,
      "value":null
   },
   "networkSettings.ethernetSettings.networkLinkSettings.dns1":{
      "timestamp":1636453042327,
      "value":null
   },
   "softwareSettings.resetSettings.exceptions":{
      "timestamp":1606086496179,
      "value":null
   },
   "playbackSettings.audioSettings.volumePercentFactorZoneLeft":{
      "timestamp":1616858585014,
      "value":100
   },
   "playbackSettings.audioSettings.volumePercentFactorZoneRight":{
      "timestamp":1616858585014,
      "value":100
   },
   "playbackSettings.audioSettings.musicTracksVolumeZoneLeft":{
      "timestamp":1616858585014,
      "value":100
   },
   "playbackSettings.audioSettings.musicTracksVolumeZoneRight":{
      "timestamp":1616858585014,
      "value":100
   },
   "syncSettings.lastPlayerChangeId":{
      "timestamp":1618292974562,
      "value":null
   },
   "contentSettings.purgeSettings.musicTracksPurgeUntouchedDays":{
      "timestamp":1623124864528,
      "value":-1
   }
}
