<OPENING_HOURS>
  <WORKDAY>
    <OPEN>
      <DAY>SUN</DAY>
      <TIME>00:01:00</TIME>
    </OPEN>
    <CLOSE>
      <DAY>SUN</DAY>
      <TIME>23:59:00</TIME>
    </CLOSE>
  </WORKDAY>
  <WORKDAY>
    <OPEN>
      <DAY>MON</DAY>
      <TIME>00:01:00</TIME>
    </OPEN>
    <CLOSE>
      <DAY>MON</DAY>
      <TIME>23:59:00</TIME>
    </CLOSE>
  </WORKDAY>
  <WORKDAY>
    <OPEN>
      <DAY>TUE</DAY>
      <TIME>00:01:00</TIME>
    </OPEN>
    <CLOSE>
      <DAY>TUE</DAY>
      <TIME>23:59:00</TIME>
    </CLOSE>
  </WORKDAY>
  <WORKDAY>
    <OPEN>
      <DAY>WED</DAY>
      <TIME>00:01:00</TIME>
    </OPEN>
    <CLOSE>
      <DAY>WED</DAY>
      <TIME>23:59:00</TIME>
    </CLOSE>
  </WORKDAY>
  <WORKDAY>
    <OPEN>
      <DAY>THU</DAY>
      <TIME>00:01:00</TIME>
    </OPEN>
    <CLOSE>
      <DAY>THU</DAY>
      <TIME>23:59:00</TIME>
    </CLOSE>
  </WORKDAY>
  <WORKDAY>
    <OPEN>
      <DAY>FRI</DAY>
      <TIME>00:01:00</TIME>
    </OPEN>
    <CLOSE>
      <DAY>FRI</DAY>
      <TIME>23:59:00</TIME>
    </CLOSE>
  </WORKDAY>
  <WORKDAY>
    <OPEN>
      <DAY>SAT</DAY>
      <TIME>00:01:00</TIME>
    </OPEN>
    <CLOSE>
      <DAY>SAT</DAY>
      <TIME>23:59:00</TIME>
    </CLOSE>
  </WORKDAY>
</OPENING_HOURS>