{
   "tz_mood_to_tizen":[
      {
         "mood_tz":"Africa/Abidjan",
         "tizen_tz":"Africa/Monrovia"
      },
      {
         "mood_tz":"Africa/Accra",
         "tizen_tz":"Africa/Monrovia"
      },
      {
         "mood_tz":"Africa/Bamako",
         "tizen_tz":"Africa/Monrovia"
      },
      {
         "mood_tz":"Africa/Banjul",
         "tizen_tz":"Africa/Monrovia"
      },
      {
         "mood_tz":"Africa/Bissau",
         "tizen_tz":"Africa/Monrovia"
      },
      {
         "mood_tz":"Africa/Conakry",
         "tizen_tz":"Africa/Monrovia"
      },
      {
         "mood_tz":"Africa/Dakar",
         "tizen_tz":"Africa/Monrovia"
      },
      {
         "mood_tz":"Africa/Freetown",
         "tizen_tz":"Africa/Monrovia"
      },
      {
         "mood_tz":"Africa/Lome",
         "tizen_tz":"Africa/Monrovia"
      },
      {
         "mood_tz":"Africa/Monrovia",
         "tizen_tz":"Africa/Monrovia"
      },
      {
         "mood_tz":"Africa/Nouakchott",
         "tizen_tz":"Africa/Monrovia"
      },
      {
         "mood_tz":"Africa/Ouagadougou",
         "tizen_tz":"Africa/Monrovia"
      },
      {
         "mood_tz":"Africa/Sao_Tome",
         "tizen_tz":"Africa/Monrovia"
      },
      {
         "mood_tz":"Africa/Timbuktu",
         "tizen_tz":"Africa/Monrovia"
      },
      {
         "mood_tz":"America/Danmarkshavn",
         "tizen_tz":"Atlantic/Azores"
      },
      {
         "mood_tz":"America/Scoresbysund",
         "tizen_tz":"Atlantic/Azores"
      },
      {
         "mood_tz":"Canada/East-Saskatchewan",
         "tizen_tz":"Canada/Saskatchewan"
      },
      {
         "mood_tz":"Etc/GMT",
         "tizen_tz":"Universal"
      },
      {
         "mood_tz":"Etc/GMT+0",
         "tizen_tz":"Universal"
      },
      {
         "mood_tz":"Etc/GMT-0",
         "tizen_tz":"Universal"
      },
      {
         "mood_tz":"Etc/GMT0",
         "tizen_tz":"Universal"
      },
      {
         "mood_tz":"Etc/Greenwich",
         "tizen_tz":"Universal"
      },
      {
         "mood_tz":"Etc/UCT",
         "tizen_tz":"Universal"
      },
      {
         "mood_tz":"Etc/UTC",
         "tizen_tz":"Universal"
      },
      {
         "mood_tz":"Etc/Universal",
         "tizen_tz":"Universal"
      },
      {
         "mood_tz":"Etc/Zulu",
         "tizen_tz":"Universal"
      },
      {
         "mood_tz":"GMT",
         "tizen_tz":"Universal"
      },
      {
         "mood_tz":"GMT+0",
         "tizen_tz":"Universal"
      },
      {
         "mood_tz":"GMT-0",
         "tizen_tz":"Universal"
      },
      {
         "mood_tz":"GMT0",
         "tizen_tz":"Universal"
      },
      {
         "mood_tz":"Greenwich",
         "tizen_tz":"Universal"
      },
      {
         "mood_tz":"Iceland",
         "tizen_tz":"Universal"
      },
      {
         "mood_tz":"UCT",
         "tizen_tz":"Universal"
      },
      {
         "mood_tz":"UTC",
         "tizen_tz":"Universal"
      },
      {
         "mood_tz":"Zulu",
         "tizen_tz":"Universal"
      },
      {
         "mood_tz":"Africa/Addis_Ababa",
         "tizen_tz":"Africa/Nairobi"
      },
      {
         "mood_tz":"Africa/Asmara",
         "tizen_tz":"Africa/Nairobi"
      },
      {
         "mood_tz":"Africa/Asmera",
         "tizen_tz":"Africa/Nairobi"
      },
      {
         "mood_tz":"Africa/Dar_es_Salaam",
         "tizen_tz":"Africa/Nairobi"
      },
      {
         "mood_tz":"Africa/Djibouti",
         "tizen_tz":"Africa/Nairobi"
      },
      {
         "mood_tz":"Africa/Kampala",
         "tizen_tz":"Africa/Nairobi"
      },
      {
         "mood_tz":"Africa/Mogadishu",
         "tizen_tz":"Africa/Nairobi"
      },
      {
         "mood_tz":"Africa/Nairobi",
         "tizen_tz":"Africa/Nairobi"
      },
      {
         "mood_tz":"Antarctica/Syowa",
         "tizen_tz":"Africa/Nairobi"
      },
      {
         "mood_tz":"EET",
         "tizen_tz":"Africa/Nairobi"
      },
      {
         "mood_tz":"Etc/GMT-3",
         "tizen_tz":"Africa/Nairobi"
      },
      {
         "mood_tz":"Indian/Antananarivo",
         "tizen_tz":"Africa/Nairobi"
      },
      {
         "mood_tz":"Indian/Comoro",
         "tizen_tz":"Africa/Nairobi"
      },
      {
         "mood_tz":"Indian/Mayotte",
         "tizen_tz":"Africa/Nairobi"
      },
      {
         "mood_tz":"Israel",
         "tizen_tz":"Africa/Nairobi"
      },
      {
         "mood_tz":"Turkey",
         "tizen_tz":"Africa/Nairobi"
      },
      {
         "mood_tz":"W-SU",
         "tizen_tz":"Africa/Nairobi"
      },
      {
         "mood_tz":"Africa/Algiers",
         "tizen_tz":"Africa/Casablanca"
      },
      {
         "mood_tz":"Africa/Bangui",
         "tizen_tz":"Africa/Casablanca"
      },
      {
         "mood_tz":"Africa/Brazzaville",
         "tizen_tz":"Africa/Casablanca"
      },
      {
         "mood_tz":"Africa/Casablanca",
         "tizen_tz":"Africa/Casablanca"
      },
      {
         "mood_tz":"Africa/Douala",
         "tizen_tz":"Africa/Casablanca"
      },
      {
         "mood_tz":"Africa/El_Aaiun",
         "tizen_tz":"Africa/Casablanca"
      },
      {
         "mood_tz":"Africa/Kinshasa",
         "tizen_tz":"Africa/Casablanca"
      },
      {
         "mood_tz":"Africa/Lagos",
         "tizen_tz":"Africa/Casablanca"
      },
      {
         "mood_tz":"Africa/Libreville",
         "tizen_tz":"Africa/Casablanca"
      },
      {
         "mood_tz":"Africa/Luanda",
         "tizen_tz":"Africa/Casablanca"
      },
      {
         "mood_tz":"Africa/Malabo",
         "tizen_tz":"Africa/Casablanca"
      },
      {
         "mood_tz":"Africa/Ndjamena",
         "tizen_tz":"Africa/Casablanca"
      },
      {
         "mood_tz":"Africa/Niamey",
         "tizen_tz":"Africa/Casablanca"
      },
      {
         "mood_tz":"Africa/Porto-Novo",
         "tizen_tz":"Africa/Casablanca"
      },
      {
         "mood_tz":"Africa/Tunis",
         "tizen_tz":"Africa/Casablanca"
      },
      {
         "mood_tz":"Atlantic/Canary",
         "tizen_tz":"Africa/Casablanca"
      },
      {
         "mood_tz":"Atlantic/Faeroe",
         "tizen_tz":"Africa/Casablanca"
      },
      {
         "mood_tz":"Atlantic/Faroe",
         "tizen_tz":"Africa/Casablanca"
      },
      {
         "mood_tz":"Atlantic/Madeira",
         "tizen_tz":"Africa/Casablanca"
      },
      {
         "mood_tz":"Eire",
         "tizen_tz":"Africa/Casablanca"
      },
      {
         "mood_tz":"Etc/GMT-1",
         "tizen_tz":"Europe/London"
      },
      {
         "mood_tz":"GB",
         "tizen_tz":"Europe/London"
      },
      {
         "mood_tz":"GB-Eire",
         "tizen_tz":"Europe/London"
      },
      {
         "mood_tz":"Portugal",
         "tizen_tz":"Europe/London"
      },
      {
         "mood_tz":"WET",
         "tizen_tz":"Europe/London"
      },
      {
         "mood_tz":"Africa/Blantyre",
         "tizen_tz":"Africa/Cairo"
      },
      {
         "mood_tz":"Africa/Bujumbura",
         "tizen_tz":"Africa/Cairo"
      },
      {
         "mood_tz":"Africa/Cairo",
         "tizen_tz":"Africa/Cairo"
      },
      {
         "mood_tz":"Africa/Ceuta",
         "tizen_tz":"Africa/Cairo"
      },
      {
         "mood_tz":"Africa/Gaborone",
         "tizen_tz":"Africa/Cairo"
      },
      {
         "mood_tz":"Africa/Johannesburg",
         "tizen_tz":"Africa/Cairo"
      },
      {
         "mood_tz":"Africa/Juba",
         "tizen_tz":"Africa/Cairo"
      },
      {
         "mood_tz":"Africa/Khartoum",
         "tizen_tz":"Africa/Cairo"
      },
      {
         "mood_tz":"Africa/Kigali",
         "tizen_tz":"Africa/Cairo"
      },
      {
         "mood_tz":"Africa/Lubumbashi",
         "tizen_tz":"Africa/Cairo"
      },
      {
         "mood_tz":"Africa/Lusaka",
         "tizen_tz":"Africa/Cairo"
      },
      {
         "mood_tz":"Africa/Maputo",
         "tizen_tz":"Africa/Cairo"
      },
      {
         "mood_tz":"Africa/Maseru",
         "tizen_tz":"Africa/Cairo"
      },
      {
         "mood_tz":"Africa/Mbabane",
         "tizen_tz":"Africa/Cairo"
      },
      {
         "mood_tz":"Africa/Tripoli",
         "tizen_tz":"Africa/Cairo"
      },
      {
         "mood_tz":"Africa/Windhoek",
         "tizen_tz":"Africa/Cairo"
      },
      {
         "mood_tz":"Arctic/Longyearbyen",
         "tizen_tz":"Africa/Cairo"
      },
      {
         "mood_tz":"Atlantic/Jan_Mayen",
         "tizen_tz":"Africa/Cairo"
      },
      {
         "mood_tz":"CET",
         "tizen_tz":"Etc/GMT-2"
      },
      {
         "mood_tz":"Egypt",
         "tizen_tz":"Africa/Cairo"
      },
      {
         "mood_tz":"Libya",
         "tizen_tz":"Africa/Cairo"
      },
      {
         "mood_tz":"MET",
         "tizen_tz":"Etc/GMT-2"
      },
      {
         "mood_tz":"Poland",
         "tizen_tz":"Etc/GMT-2"
      },
      {
         "mood_tz":"Africa/Harare",
         "tizen_tz":"Africa/Harare"
      },
      {
         "mood_tz":"America/Anchorage",
         "tizen_tz":"US/Alaska"
      },
      {
         "mood_tz":"America/Juneau",
         "tizen_tz":"US/Alaska"
      },
      {
         "mood_tz":"America/Metlakatla",
         "tizen_tz":"US/Alaska"
      },
      {
         "mood_tz":"America/Nome",
         "tizen_tz":"US/Alaska"
      },
      {
         "mood_tz":"America/Sitka",
         "tizen_tz":"US/Alaska"
      },
      {
         "mood_tz":"America/Yakutat",
         "tizen_tz":"US/Alaska"
      },
      {
         "mood_tz":"Etc/GMT+8",
         "tizen_tz":"US/Alaska"
      },
      {
         "mood_tz":"Pacific/Pitcairn",
         "tizen_tz":"US/Alaska"
      },
      {
         "mood_tz":"US/Alaska",
         "tizen_tz":"US/Alaska"
      },
      {
         "mood_tz":"America/Anguilla",
         "tizen_tz":"America/Asuncion"
      },
      {
         "mood_tz":"America/Antigua",
         "tizen_tz":"America/Asuncion"
      },
      {
         "mood_tz":"America/Aruba",
         "tizen_tz":"America/Asuncion"
      },
      {
         "mood_tz":"America/Asuncion",
         "tizen_tz":"America/Asuncion"
      },
      {
         "mood_tz":"America/Barbados",
         "tizen_tz":"America/Asuncion"
      },
      {
         "mood_tz":"America/Blanc-Sablon",
         "tizen_tz":"America/Asuncion"
      },
      {
         "mood_tz":"America/Boa_Vista",
         "tizen_tz":"America/Asuncion"
      },
      {
         "mood_tz":"America/Campo_Grande",
         "tizen_tz":"America/Asuncion"
      },
      {
         "mood_tz":"America/Cuiaba",
         "tizen_tz":"America/Asuncion"
      },
      {
         "mood_tz":"America/Curacao",
         "tizen_tz":"America/Asuncion"
      },
      {
         "mood_tz":"America/Detroit",
         "tizen_tz":"America/Asuncion"
      },
      {
         "mood_tz":"America/Dominica",
         "tizen_tz":"America/Asuncion"
      },
      {
         "mood_tz":"America/Fort_Wayne",
         "tizen_tz":"America/Asuncion"
      },
      {
         "mood_tz":"America/Grand_Turk",
         "tizen_tz":"America/Asuncion"
      },
      {
         "mood_tz":"America/Guadeloupe",
         "tizen_tz":"America/Asuncion"
      },
      {
         "mood_tz":"America/Guyana",
         "tizen_tz":"America/Asuncion"
      },
      {
         "mood_tz":"America/Havana",
         "tizen_tz":"America/Asuncion"
      },
      {
         "mood_tz":"America/Indiana/Indianapolis",
         "tizen_tz":"America/Asuncion"
      },
      {
         "mood_tz":"America/Indiana/Marengo",
         "tizen_tz":"America/Asuncion"
      },
      {
         "mood_tz":"America/Indiana/Petersburg",
         "tizen_tz":"America/Asuncion"
      },
      {
         "mood_tz":"America/Indiana/Vevay",
         "tizen_tz":"America/Asuncion"
      },
      {
         "mood_tz":"America/Indiana/Vincennes",
         "tizen_tz":"America/Asuncion"
      },
      {
         "mood_tz":"America/Indiana/Winamac",
         "tizen_tz":"America/Asuncion"
      },
      {
         "mood_tz":"America/Indianapolis",
         "tizen_tz":"America/Asuncion"
      },
      {
         "mood_tz":"America/Iqaluit",
         "tizen_tz":"America/Asuncion"
      },
      {
         "mood_tz":"America/Kentucky/Louisville",
         "tizen_tz":"America/Asuncion"
      },
      {
         "mood_tz":"America/Kentucky/Monticello",
         "tizen_tz":"America/Asuncion"
      },
      {
         "mood_tz":"America/Kralendijk",
         "tizen_tz":"America/Asuncion"
      },
      {
         "mood_tz":"America/Louisville",
         "tizen_tz":"America/Asuncion"
      },
      {
         "mood_tz":"America/Lower_Princes",
         "tizen_tz":"America/Asuncion"
      },
      {
         "mood_tz":"America/Marigot",
         "tizen_tz":"America/Asuncion"
      },
      {
         "mood_tz":"America/Martinique",
         "tizen_tz":"America/Asuncion"
      },
      {
         "mood_tz":"America/Montreal",
         "tizen_tz":"America/Asuncion"
      },
      {
         "mood_tz":"America/Montserrat",
         "tizen_tz":"America/Asuncion"
      },
      {
         "mood_tz":"America/Nassau",
         "tizen_tz":"America/Asuncion"
      },
      {
         "mood_tz":"America/New_York",
         "tizen_tz":"America/Asuncion"
      },
      {
         "mood_tz":"America/Nipigon",
         "tizen_tz":"America/Asuncion"
      },
      {
         "mood_tz":"America/Pangnirtung",
         "tizen_tz":"America/Asuncion"
      },
      {
         "mood_tz":"America/Port-au-Prince",
         "tizen_tz":"America/Asuncion"
      },
      {
         "mood_tz":"America/Port_of_Spain",
         "tizen_tz":"America/Asuncion"
      },
      {
         "mood_tz":"America/Porto_Velho",
         "tizen_tz":"America/Asuncion"
      },
      {
         "mood_tz":"America/Puerto_Rico",
         "tizen_tz":"America/Asuncion"
      },
      {
         "mood_tz":"America/Santo_Domingo",
         "tizen_tz":"America/Asuncion"
      },
      {
         "mood_tz":"America/St_Barthelemy",
         "tizen_tz":"America/Asuncion"
      },
      {
         "mood_tz":"America/St_Kitts",
         "tizen_tz":"America/Asuncion"
      },
      {
         "mood_tz":"America/St_Lucia",
         "tizen_tz":"America/Asuncion"
      },
      {
         "mood_tz":"America/St_Thomas",
         "tizen_tz":"America/Asuncion"
      },
      {
         "mood_tz":"America/St_Vincent",
         "tizen_tz":"America/Asuncion"
      },
      {
         "mood_tz":"America/Thunder_Bay",
         "tizen_tz":"America/Asuncion"
      },
      {
         "mood_tz":"America/Toronto",
         "tizen_tz":"America/Asuncion"
      },
      {
         "mood_tz":"America/Tortola",
         "tizen_tz":"America/Asuncion"
      },
      {
         "mood_tz":"America/Virgin",
         "tizen_tz":"America/Asuncion"
      },
      {
         "mood_tz":"Brazil/West",
         "tizen_tz":"America/Asuncion"
      },
      {
         "mood_tz":"Canada/Eastern",
         "tizen_tz":"US/Eastern"
      },
      {
         "mood_tz":"Chile/Continental",
         "tizen_tz":"America/Asuncion"
      },
      {
         "mood_tz":"Cuba",
         "tizen_tz":"America/Asuncion"
      },
      {
         "mood_tz":"EST5EDT",
         "tizen_tz":"America/Asuncion"
      },
      {
         "mood_tz":"America/Araguaina",
         "tizen_tz":"America/Argentina/Buenos_Aires"
      },
      {
         "mood_tz":"America/Argentina/Buenos_Aires",
         "tizen_tz":"America/Argentina/Buenos_Aires"
      },
      {
         "mood_tz":"America/Argentina/Catamarca",
         "tizen_tz":"America/Argentina/Buenos_Aires"
      },
      {
         "mood_tz":"America/Argentina/ComodRivadavia",
         "tizen_tz":"America/Argentina/Buenos_Aires"
      },
      {
         "mood_tz":"America/Argentina/Cordoba",
         "tizen_tz":"America/Argentina/Buenos_Aires"
      },
      {
         "mood_tz":"America/Argentina/Jujuy",
         "tizen_tz":"America/Argentina/Buenos_Aires"
      },
      {
         "mood_tz":"America/Argentina/La_Rioja",
         "tizen_tz":"America/Argentina/Buenos_Aires"
      },
      {
         "mood_tz":"America/Argentina/Mendoza",
         "tizen_tz":"America/Argentina/Buenos_Aires"
      },
      {
         "mood_tz":"America/Argentina/Rio_Gallegos",
         "tizen_tz":"America/Argentina/Buenos_Aires"
      },
      {
         "mood_tz":"America/Argentina/Salta",
         "tizen_tz":"America/Argentina/Buenos_Aires"
      },
      {
         "mood_tz":"America/Argentina/San_Juan",
         "tizen_tz":"America/Argentina/Buenos_Aires"
      },
      {
         "mood_tz":"America/Argentina/San_Luis",
         "tizen_tz":"America/Argentina/Buenos_Aires"
      },
      {
         "mood_tz":"America/Argentina/Tucuman",
         "tizen_tz":"America/Argentina/Buenos_Aires"
      },
      {
         "mood_tz":"America/Argentina/Ushuaia",
         "tizen_tz":"America/Argentina/Buenos_Aires"
      },
      {
         "mood_tz":"America/Bahia",
         "tizen_tz":"America/Argentina/Buenos_Aires"
      },
      {
         "mood_tz":"America/Belem",
         "tizen_tz":"America/Argentina/Buenos_Aires"
      },
      {
         "mood_tz":"America/Buenos_Aires",
         "tizen_tz":"America/Argentina/Buenos_Aires"
      },
      {
         "mood_tz":"America/Catamarca",
         "tizen_tz":"America/Argentina/Buenos_Aires"
      },
      {
         "mood_tz":"America/Cordoba",
         "tizen_tz":"America/Argentina/Buenos_Aires"
      },
      {
         "mood_tz":"America/Fortaleza",
         "tizen_tz":"America/Argentina/Buenos_Aires"
      },
      {
         "mood_tz":"America/Glace_Bay",
         "tizen_tz":"America/Argentina/Buenos_Aires"
      },
      {
         "mood_tz":"America/Goose_Bay",
         "tizen_tz":"America/Argentina/Buenos_Aires"
      },
      {
         "mood_tz":"America/Halifax",
         "tizen_tz":"America/Argentina/Buenos_Aires"
      },
      {
         "mood_tz":"America/Jujuy",
         "tizen_tz":"America/Argentina/Buenos_Aires"
      },
      {
         "mood_tz":"America/Maceio",
         "tizen_tz":"America/Argentina/Buenos_Aires"
      },
      {
         "mood_tz":"America/Mendoza",
         "tizen_tz":"America/Argentina/Buenos_Aires"
      },
      {
         "mood_tz":"America/Moncton",
         "tizen_tz":"America/Argentina/Buenos_Aires"
      },
      {
         "mood_tz":"America/Paramaribo",
         "tizen_tz":"America/Argentina/Buenos_Aires"
      },
      {
         "mood_tz":"America/Recife",
         "tizen_tz":"America/Argentina/Buenos_Aires"
      },
      {
         "mood_tz":"America/Rosario",
         "tizen_tz":"America/Argentina/Buenos_Aires"
      },
      {
         "mood_tz":"America/Santarem",
         "tizen_tz":"America/Argentina/Buenos_Aires"
      },
      {
         "mood_tz":"America/Sao_Paulo",
         "tizen_tz":"America/Argentina/Buenos_Aires"
      },
      {
         "mood_tz":"America/Thule",
         "tizen_tz":"America/Argentina/Buenos_Aires"
      },
      {
         "mood_tz":"Antarctica/Palmer",
         "tizen_tz":"America/Argentina/Buenos_Aires"
      },
      {
         "mood_tz":"Antarctica/Rothera",
         "tizen_tz":"America/Argentina/Buenos_Aires"
      },
      {
         "mood_tz":"Atlantic/Bermuda",
         "tizen_tz":"America/Argentina/Buenos_Aires"
      },
      {
         "mood_tz":"Atlantic/Stanley",
         "tizen_tz":"America/Argentina/Buenos_Aires"
      },
      {
         "mood_tz":"Brazil/East",
         "tizen_tz":"America/Argentina/Buenos_Aires"
      },
      {
         "mood_tz":"Etc/GMT+3",
         "tizen_tz":"America/Argentina/Buenos_Aires"
      },
      {
         "mood_tz":"America/Atikokan",
         "tizen_tz":"America/Bogota"
      },
      {
         "mood_tz":"America/Bahia_Banderas",
         "tizen_tz":"America/Bogota"
      },
      {
         "mood_tz":"America/Bogota",
         "tizen_tz":"America/Bogota"
      },
      {
         "mood_tz":"America/Cancun",
         "tizen_tz":"America/Bogota"
      },
      {
         "mood_tz":"America/Cayman",
         "tizen_tz":"America/Bogota"
      },
      {
         "mood_tz":"America/Chicago",
         "tizen_tz":"America/Bogota"
      },
      {
         "mood_tz":"America/Coral_Harbour",
         "tizen_tz":"America/Bogota"
      },
      {
         "mood_tz":"America/Eirunepe",
         "tizen_tz":"America/Bogota"
      },
      {
         "mood_tz":"America/Guayaquil",
         "tizen_tz":"America/Bogota"
      },
      {
         "mood_tz":"America/Indiana/Knox",
         "tizen_tz":"America/Bogota"
      },
      {
         "mood_tz":"America/Indiana/Tell_City",
         "tizen_tz":"America/Bogota"
      },
      {
         "mood_tz":"America/Jamaica",
         "tizen_tz":"America/Bogota"
      },
      {
         "mood_tz":"America/Knox_IN",
         "tizen_tz":"America/Bogota"
      },
      {
         "mood_tz":"America/Lima",
         "tizen_tz":"America/Bogota"
      },
      {
         "mood_tz":"America/Matamoros",
         "tizen_tz":"America/Bogota"
      },
      {
         "mood_tz":"America/Menominee",
         "tizen_tz":"America/Bogota"
      },
      {
         "mood_tz":"America/Merida",
         "tizen_tz":"America/Bogota"
      },
      {
         "mood_tz":"America/Mexico_City",
         "tizen_tz":"America/Bogota"
      },
      {
         "mood_tz":"America/North_Dakota/Beulah",
         "tizen_tz":"America/Bogota"
      },
      {
         "mood_tz":"America/North_Dakota/Center",
         "tizen_tz":"America/Bogota"
      },
      {
         "mood_tz":"America/North_Dakota/New_Salem",
         "tizen_tz":"America/Bogota"
      },
      {
         "mood_tz":"America/Panama",
         "tizen_tz":"America/Bogota"
      },
      {
         "mood_tz":"America/Porto_Acre",
         "tizen_tz":"America/Bogota"
      },
      {
         "mood_tz":"America/Rainy_River",
         "tizen_tz":"America/Bogota"
      },
      {
         "mood_tz":"America/Rankin_Inlet",
         "tizen_tz":"America/Bogota"
      },
      {
         "mood_tz":"America/Resolute",
         "tizen_tz":"America/Bogota"
      },
      {
         "mood_tz":"America/Rio_Branco",
         "tizen_tz":"America/Bogota"
      },
      {
         "mood_tz":"America/Winnipeg",
         "tizen_tz":"America/Bogota"
      },
      {
         "mood_tz":"Brazil/Acre",
         "tizen_tz":"America/Bogota"
      },
      {
         "mood_tz":"CST6CDT",
         "tizen_tz":"America/Bogota"
      },
      {
         "mood_tz":"Canada/Central",
         "tizen_tz":"America/Bogota"
      },
      {
         "mood_tz":"EST",
         "tizen_tz":"America/Bogota"
      },
      {
         "mood_tz":"Etc/GMT+5",
         "tizen_tz":"America/Bogota"
      },
      {
         "mood_tz":"Jamaica",
         "tizen_tz":"America/Bogota"
      },
      {
         "mood_tz":"Mexico/General",
         "tizen_tz":"America/Bogota"
      },
      {
         "mood_tz":"America/Belize",
         "tizen_tz":"Canada/Saskatchewan"
      },
      {
         "mood_tz":"America/Boise",
         "tizen_tz":"Canada/Saskatchewan"
      },
      {
         "mood_tz":"America/Cambridge_Bay",
         "tizen_tz":"Canada/Saskatchewan"
      },
      {
         "mood_tz":"America/Chihuahua",
         "tizen_tz":"Canada/Saskatchewan"
      },
      {
         "mood_tz":"America/Costa_Rica",
         "tizen_tz":"Canada/Saskatchewan"
      },
      {
         "mood_tz":"America/Denver",
         "tizen_tz":"Canada/Saskatchewan"
      },
      {
         "mood_tz":"America/Edmonton",
         "tizen_tz":"Canada/Saskatchewan"
      },
      {
         "mood_tz":"America/El_Salvador",
         "tizen_tz":"Canada/Saskatchewan"
      },
      {
         "mood_tz":"America/Guatemala",
         "tizen_tz":"Canada/Saskatchewan"
      },
      {
         "mood_tz":"America/Inuvik",
         "tizen_tz":"Canada/Saskatchewan"
      },
      {
         "mood_tz":"America/Managua",
         "tizen_tz":"Canada/Saskatchewan"
      },
      {
         "mood_tz":"America/Mazatlan",
         "tizen_tz":"Canada/Saskatchewan"
      },
      {
         "mood_tz":"America/Ojinaga",
         "tizen_tz":"Canada/Saskatchewan"
      },
      {
         "mood_tz":"America/Regina",
         "tizen_tz":"Canada/Saskatchewan"
      },
      {
         "mood_tz":"America/Shiprock",
         "tizen_tz":"Canada/Saskatchewan"
      },
      {
         "mood_tz":"America/Swift_Current",
         "tizen_tz":"Canada/Saskatchewan"
      },
      {
         "mood_tz":"America/Tegucigalpa",
         "tizen_tz":"Canada/Saskatchewan"
      },
      {
         "mood_tz":"America/Yellowknife",
         "tizen_tz":"Canada/Saskatchewan"
      },
      {
         "mood_tz":"Canada/Mountain",
         "tizen_tz":"Canada/Saskatchewan"
      },
      {
         "mood_tz":"Canada/Saskatchewan",
         "tizen_tz":"Canada/Saskatchewan"
      },
      {
         "mood_tz":"Chile/EasterIsland",
         "tizen_tz":"Canada/Saskatchewan"
      },
      {
         "mood_tz":"Etc/GMT+6",
         "tizen_tz":"Canada/Saskatchewan"
      },
      {
         "mood_tz":"MST7MDT",
         "tizen_tz":"Canada/Saskatchewan"
      },
      {
         "mood_tz":"Mexico/BajaSur",
         "tizen_tz":"Canada/Saskatchewan"
      },
      {
         "mood_tz":"Navajo",
         "tizen_tz":"Canada/Saskatchewan"
      },
      {
         "mood_tz":"Pacific/Easter",
         "tizen_tz":"Canada/Saskatchewan"
      },
      {
         "mood_tz":"Pacific/Galapagos",
         "tizen_tz":"Canada/Saskatchewan"
      },
      {
         "mood_tz":"America/Caracas",
         "tizen_tz":"America/Caracas"
      },
      {
         "mood_tz":"America/Cayenne",
         "tizen_tz":"America/Cayenne"
      },
      {
         "mood_tz":"America/Creston",
         "tizen_tz":"America/Tijuana"
      },
      {
         "mood_tz":"America/Dawson",
         "tizen_tz":"America/Tijuana"
      },
      {
         "mood_tz":"America/Dawson_Creek",
         "tizen_tz":"America/Tijuana"
      },
      {
         "mood_tz":"America/Ensenada",
         "tizen_tz":"America/Tijuana"
      },
      {
         "mood_tz":"America/Hermosillo",
         "tizen_tz":"America/Tijuana"
      },
      {
         "mood_tz":"America/Los_Angeles",
         "tizen_tz":"America/Tijuana"
      },
      {
         "mood_tz":"America/Phoenix",
         "tizen_tz":"America/Tijuana"
      },
      {
         "mood_tz":"America/Santa_Isabel",
         "tizen_tz":"America/Tijuana"
      },
      {
         "mood_tz":"America/Tijuana",
         "tizen_tz":"America/Tijuana"
      },
      {
         "mood_tz":"America/Vancouver",
         "tizen_tz":"America/Tijuana"
      },
      {
         "mood_tz":"America/Whitehorse",
         "tizen_tz":"America/Tijuana"
      },
      {
         "mood_tz":"Canada/Pacific",
         "tizen_tz":"America/Tijuana"
      },
      {
         "mood_tz":"Canada/Yukon",
         "tizen_tz":"America/Tijuana"
      },
      {
         "mood_tz":"Etc/GMT+7",
         "tizen_tz":"America/Tijuana"
      },
      {
         "mood_tz":"MST",
         "tizen_tz":"America/Tijuana"
      },
      {
         "mood_tz":"Mexico/BajaNorte",
         "tizen_tz":"America/Tijuana"
      },
      {
         "mood_tz":"PST8PDT",
         "tizen_tz":"America/Tijuana"
      },
      {
         "mood_tz":"America/Grenada",
         "tizen_tz":"America/Grenada"
      },
      {
         "mood_tz":"America/La_Paz",
         "tizen_tz":"America/La_Paz"
      },
      {
         "mood_tz":"America/Manaus",
         "tizen_tz":"America/Manaus"
      },
      {
         "mood_tz":"America/Monterrey",
         "tizen_tz":"America/Monterrey"
      },
      {
         "mood_tz":"America/Montevideo",
         "tizen_tz":"America/Montevideo"
      },
      {
         "mood_tz":"America/Santiago",
         "tizen_tz":"America/Santiago"
      },
      {
         "mood_tz":"America/St_Johns",
         "tizen_tz":"Canada/Newfoundland"
      },
      {
         "mood_tz":"Canada/Newfoundland",
         "tizen_tz":"Canada/Newfoundland"
      },
      {
         "mood_tz":"Antarctica/Casey",
         "tizen_tz":"Asia/Magadan"
      },
      {
         "mood_tz":"Asia/Magadan",
         "tizen_tz":"Asia/Magadan"
      },
      {
         "mood_tz":"Asia/Sakhalin",
         "tizen_tz":"Asia/Magadan"
      },
      {
         "mood_tz":"Etc/GMT-11",
         "tizen_tz":"Asia/Magadan"
      },
      {
         "mood_tz":"Pacific/Efate",
         "tizen_tz":"Asia/Magadan"
      },
      {
         "mood_tz":"Pacific/Guadalcanal",
         "tizen_tz":"Asia/Magadan"
      },
      {
         "mood_tz":"Pacific/Kosrae",
         "tizen_tz":"Asia/Magadan"
      },
      {
         "mood_tz":"Pacific/Norfolk",
         "tizen_tz":"Asia/Magadan"
      },
      {
         "mood_tz":"Pacific/Noumea",
         "tizen_tz":"Asia/Magadan"
      },
      {
         "mood_tz":"Pacific/Pohnpei",
         "tizen_tz":"Asia/Magadan"
      },
      {
         "mood_tz":"Pacific/Ponape",
         "tizen_tz":"Asia/Magadan"
      },
      {
         "mood_tz":"Antarctica/Davis",
         "tizen_tz":"Asia/Bangkok"
      },
      {
         "mood_tz":"Asia/Bangkok",
         "tizen_tz":"Asia/Bangkok"
      },
      {
         "mood_tz":"Asia/Ho_Chi_Minh",
         "tizen_tz":"Asia/Bangkok"
      },
      {
         "mood_tz":"Asia/Hovd",
         "tizen_tz":"Asia/Bangkok"
      },
      {
         "mood_tz":"Asia/Jakarta",
         "tizen_tz":"Asia/Bangkok"
      },
      {
         "mood_tz":"Asia/Novokuznetsk",
         "tizen_tz":"Asia/Bangkok"
      },
      {
         "mood_tz":"Asia/Phnom_Penh",
         "tizen_tz":"Asia/Bangkok"
      },
      {
         "mood_tz":"Asia/Pontianak",
         "tizen_tz":"Asia/Bangkok"
      },
      {
         "mood_tz":"Asia/Saigon",
         "tizen_tz":"Asia/Bangkok"
      },
      {
         "mood_tz":"Asia/Vientiane",
         "tizen_tz":"Asia/Bangkok"
      },
      {
         "mood_tz":"Etc/GMT-7",
         "tizen_tz":"Asia/Bangkok"
      },
      {
         "mood_tz":"Indian/Christmas",
         "tizen_tz":"Asia/Bangkok"
      },
      {
         "mood_tz":"Antarctica/DumontDUrville",
         "tizen_tz":"Asia/Vladivostok"
      },
      {
         "mood_tz":"Antarctica/Macquarie",
         "tizen_tz":"Asia/Vladivostok"
      },
      {
         "mood_tz":"Asia/Vladivostok",
         "tizen_tz":"Asia/Vladivostok"
      },
      {
         "mood_tz":"Etc/GMT-10",
         "tizen_tz":"Asia/Vladivostok"
      },
      {
         "mood_tz":"Antarctica/Mawson",
         "tizen_tz":"Asia/Karachi"
      },
      {
         "mood_tz":"Asia/Aqtau",
         "tizen_tz":"Asia/Karachi"
      },
      {
         "mood_tz":"Asia/Aqtobe",
         "tizen_tz":"Asia/Karachi"
      },
      {
         "mood_tz":"Asia/Ashgabat",
         "tizen_tz":"Asia/Karachi"
      },
      {
         "mood_tz":"Asia/Ashkhabad",
         "tizen_tz":"Asia/Karachi"
      },
      {
         "mood_tz":"Asia/Dushanbe",
         "tizen_tz":"Asia/Karachi"
      },
      {
         "mood_tz":"Asia/Karachi",
         "tizen_tz":"Asia/Karachi"
      },
      {
         "mood_tz":"Asia/Oral",
         "tizen_tz":"Asia/Karachi"
      },
      {
         "mood_tz":"Asia/Qyzylorda",
         "tizen_tz":"Asia/Karachi"
      },
      {
         "mood_tz":"Asia/Samarkand",
         "tizen_tz":"Asia/Karachi"
      },
      {
         "mood_tz":"Etc/GMT-5",
         "tizen_tz":"Asia/Karachi"
      },
      {
         "mood_tz":"Indian/Kerguelen",
         "tizen_tz":"Asia/Karachi"
      },
      {
         "mood_tz":"Indian/Maldives",
         "tizen_tz":"Asia/Karachi"
      },
      {
         "mood_tz":"Antarctica/McMurdo",
         "tizen_tz":"Asia/Kamchatka"
      },
      {
         "mood_tz":"Antarctica/South_Pole",
         "tizen_tz":"Asia/Kamchatka"
      },
      {
         "mood_tz":"Asia/Anadyr",
         "tizen_tz":"Asia/Kamchatka"
      },
      {
         "mood_tz":"Asia/Kamchatka",
         "tizen_tz":"Asia/Kamchatka"
      },
      {
         "mood_tz":"Kwajalein",
         "tizen_tz":"Asia/Kamchatka"
      },
      {
         "mood_tz":"NZ",
         "tizen_tz":"Asia/Kamchatka"
      },
      {
         "mood_tz":"Antarctica/Vostok",
         "tizen_tz":"Asia/Dhaka"
      },
      {
         "mood_tz":"Asia/Almaty",
         "tizen_tz":"Asia/Dhaka"
      },
      {
         "mood_tz":"Asia/Bishkek",
         "tizen_tz":"Asia/Dhaka"
      },
      {
         "mood_tz":"Asia/Dacca",
         "tizen_tz":"Asia/Dhaka"
      },
      {
         "mood_tz":"Asia/Dhaka",
         "tizen_tz":"Asia/Dhaka"
      },
      {
         "mood_tz":"Asia/Kashgar",
         "tizen_tz":"Asia/Dhaka"
      },
      {
         "mood_tz":"Asia/Omsk",
         "tizen_tz":"Asia/Dhaka"
      },
      {
         "mood_tz":"Asia/Thimbu",
         "tizen_tz":"Asia/Dhaka"
      },
      {
         "mood_tz":"Asia/Thimphu",
         "tizen_tz":"Asia/Dhaka"
      },
      {
         "mood_tz":"Asia/Urumqi",
         "tizen_tz":"Asia/Dhaka"
      },
      {
         "mood_tz":"Etc/GMT-6",
         "tizen_tz":"Asia/Dhaka"
      },
      {
         "mood_tz":"Indian/Chagos",
         "tizen_tz":"Asia/Dhaka"
      },
      {
         "mood_tz":"Asia/Aden",
         "tizen_tz":"Asia/Amman"
      },
      {
         "mood_tz":"Asia/Amman",
         "tizen_tz":"Asia/Amman"
      },
      {
         "mood_tz":"Asia/Bahrain",
         "tizen_tz":"Asia/Amman"
      },
      {
         "mood_tz":"Asia/Damascus",
         "tizen_tz":"Asia/Amman"
      },
      {
         "mood_tz":"Asia/Gaza",
         "tizen_tz":"Asia/Amman"
      },
      {
         "mood_tz":"Asia/Hebron",
         "tizen_tz":"Asia/Amman"
      },
      {
         "mood_tz":"Asia/Istanbul",
         "tizen_tz":"Asia/Amman"
      },
      {
         "mood_tz":"Asia/Nicosia",
         "tizen_tz":"Asia/Amman"
      },
      {
         "mood_tz":"Asia/Qatar",
         "tizen_tz":"Asia/Amman"
      },
      {
         "mood_tz":"Asia/Riyadh",
         "tizen_tz":"Asia/Amman"
      },
      {
         "mood_tz":"Asia/Tel_Aviv",
         "tizen_tz":"Asia/Amman"
      },
      {
         "mood_tz":"Asia/Baghdad",
         "tizen_tz":"Asia/Baghdad"
      },
      {
         "mood_tz":"Asia/Baku",
         "tizen_tz":"Asia/Baku"
      },
      {
         "mood_tz":"Asia/Dubai",
         "tizen_tz":"Asia/Baku"
      },
      {
         "mood_tz":"Etc/GMT-4",
         "tizen_tz":"Asia/Baku"
      },
      {
         "mood_tz":"Europe/Samara",
         "tizen_tz":"Asia/Baku"
      },
      {
         "mood_tz":"Indian/Mahe",
         "tizen_tz":"Asia/Baku"
      },
      {
         "mood_tz":"Indian/Mauritius",
         "tizen_tz":"Asia/Baku"
      },
      {
         "mood_tz":"Indian/Reunion",
         "tizen_tz":"Asia/Baku"
      },
      {
         "mood_tz":"Asia/Beirut",
         "tizen_tz":"Asia/Beirut"
      },
      {
         "mood_tz":"Asia/Brunei",
         "tizen_tz":"Asia/Irkutsk"
      },
      {
         "mood_tz":"Asia/Choibalsan",
         "tizen_tz":"Asia/Irkutsk"
      },
      {
         "mood_tz":"Asia/Chongqing",
         "tizen_tz":"Asia/Irkutsk"
      },
      {
         "mood_tz":"Asia/Chungking",
         "tizen_tz":"Asia/Irkutsk"
      },
      {
         "mood_tz":"Asia/Harbin",
         "tizen_tz":"Asia/Irkutsk"
      },
      {
         "mood_tz":"Asia/Hong_Kong",
         "tizen_tz":"Asia/Irkutsk"
      },
      {
         "mood_tz":"Asia/Irkutsk",
         "tizen_tz":"Asia/Irkutsk"
      },
      {
         "mood_tz":"Asia/Kuching",
         "tizen_tz":"Asia/Irkutsk"
      },
      {
         "mood_tz":"Asia/Macao",
         "tizen_tz":"Asia/Irkutsk"
      },
      {
         "mood_tz":"Asia/Macau",
         "tizen_tz":"Asia/Irkutsk"
      },
      {
         "mood_tz":"Asia/Makassar",
         "tizen_tz":"Asia/Irkutsk"
      },
      {
         "mood_tz":"Asia/Manila",
         "tizen_tz":"Asia/Irkutsk"
      },
      {
         "mood_tz":"Asia/Shanghai",
         "tizen_tz":"Asia/Irkutsk"
      },
      {
         "mood_tz":"Asia/Singapore",
         "tizen_tz":"Asia/Irkutsk"
      },
      {
         "mood_tz":"Asia/Ujung_Pandang",
         "tizen_tz":"Asia/Irkutsk"
      },
      {
         "mood_tz":"Asia/Ulan_Bator",
         "tizen_tz":"Asia/Irkutsk"
      },
      {
         "mood_tz":"Etc/GMT-8",
         "tizen_tz":"Asia/Irkutsk"
      },
      {
         "mood_tz":"Hongkong",
         "tizen_tz":"Asia/Irkutsk"
      },
      {
         "mood_tz":"PRC",
         "tizen_tz":"Asia/Irkutsk"
      },
      {
         "mood_tz":"ROC",
         "tizen_tz":"Asia/Irkutsk"
      },
      {
         "mood_tz":"Singapore",
         "tizen_tz":"Asia/Irkutsk"
      },
      {
         "mood_tz":"Asia/Calcutta",
         "tizen_tz":"Asia/Colombo"
      },
      {
         "mood_tz":"Asia/Colombo",
         "tizen_tz":"Asia/Colombo"
      },
      {
         "mood_tz":"Asia/Dili",
         "tizen_tz":"Asia/Seoul"
      },
      {
         "mood_tz":"Asia/Jayapura",
         "tizen_tz":"Asia/Seoul"
      },
      {
         "mood_tz":"Asia/Pyongyang",
         "tizen_tz":"Asia/Seoul"
      },
      {
         "mood_tz":"Asia/Seoul",
         "tizen_tz":"Asia/Seoul"
      },
      {
         "mood_tz":"Etc/GMT-9",
         "tizen_tz":"Asia/Seoul"
      },
      {
         "mood_tz":"Japan",
         "tizen_tz":"Asia/Seoul"
      },
      {
         "mood_tz":"Pacific/Palau",
         "tizen_tz":"Asia/Seoul"
      },
      {
         "mood_tz":"ROK",
         "tizen_tz":"Asia/Seoul"
      },
      {
         "mood_tz":"Asia/Jerusalem",
         "tizen_tz":"Asia/Jerusalem"
      },
      {
         "mood_tz":"Asia/Kabul",
         "tizen_tz":"Asia/Kabul"
      },
      {
         "mood_tz":"Iran",
         "tizen_tz":"Asia/Kabul"
      },
      {
         "mood_tz":"Asia/Kathmandu",
         "tizen_tz":"Asia/Kathmandu"
      },
      {
         "mood_tz":"Asia/Katmandu",
         "tizen_tz":"Asia/Kathmandu"
      },
      {
         "mood_tz":"Asia/Kolkata",
         "tizen_tz":"Asia/Kolkata"
      },
      {
         "mood_tz":"Asia/Krasnoyarsk",
         "tizen_tz":"Asia/Krasnoyarsk"
      },
      {
         "mood_tz":"Asia/Kuala_Lumpur",
         "tizen_tz":"Asia/Kuala_Lumpur"
      },
      {
         "mood_tz":"Asia/Kuwait",
         "tizen_tz":"Asia/Kuwait"
      },
      {
         "mood_tz":"Asia/Muscat",
         "tizen_tz":"Asia/Muscat"
      },
      {
         "mood_tz":"Asia/Novosibirsk",
         "tizen_tz":"Asia/Novosibirsk"
      },
      {
         "mood_tz":"Asia/Rangoon",
         "tizen_tz":"Asia/Rangoon"
      },
      {
         "mood_tz":"Indian/Cocos",
         "tizen_tz":"Asia/Rangoon"
      },
      {
         "mood_tz":"Asia/Taipei",
         "tizen_tz":"Asia/Taipei"
      },
      {
         "mood_tz":"Asia/Tashkent",
         "tizen_tz":"Asia/Tashkent"
      },
      {
         "mood_tz":"Asia/Tbilisi",
         "tizen_tz":"Asia/Tbilisi"
      },
      {
         "mood_tz":"Asia/Tehran",
         "tizen_tz":"Asia/Tehran"
      },
      {
         "mood_tz":"Asia/Tokyo",
         "tizen_tz":"Asia/Tokyo"
      },
      {
         "mood_tz":"Asia/Ulaanbaatar",
         "tizen_tz":"Asia/Ulaanbaatar"
      },
      {
         "mood_tz":"Asia/Yakutsk",
         "tizen_tz":"Asia/Yakutsk"
      },
      {
         "mood_tz":"Asia/Yekaterinburg",
         "tizen_tz":"Asia/Yekaterinburg"
      },
      {
         "mood_tz":"Asia/Yerevan",
         "tizen_tz":"Asia/Yerevan"
      },
      {
         "mood_tz":"Atlantic/Azores",
         "tizen_tz":"Atlantic/Azores"
      },
      {
         "mood_tz":"Atlantic/Reykjavik",
         "tizen_tz":"Atlantic/Azores"
      },
      {
         "mood_tz":"Atlantic/St_Helena",
         "tizen_tz":"Atlantic/Azores"
      },
      {
         "mood_tz":"Atlantic/Cape_Verde",
         "tizen_tz":"Atlantic/Cape_Verde"
      },
      {
         "mood_tz":"Australia/ACT",
         "tizen_tz":"Australia/Brisbane"
      },
      {
         "mood_tz":"Australia/Brisbane",
         "tizen_tz":"Australia/Brisbane"
      },
      {
         "mood_tz":"Australia/Currie",
         "tizen_tz":"Australia/Brisbane"
      },
      {
         "mood_tz":"Australia/Lindeman",
         "tizen_tz":"Australia/Brisbane"
      },
      {
         "mood_tz":"Australia/Melbourne",
         "tizen_tz":"Australia/Brisbane"
      },
      {
         "mood_tz":"Australia/NSW",
         "tizen_tz":"Australia/Brisbane"
      },
      {
         "mood_tz":"Australia/Queensland",
         "tizen_tz":"Australia/Brisbane"
      },
      {
         "mood_tz":"Australia/Sydney",
         "tizen_tz":"Australia/Brisbane"
      },
      {
         "mood_tz":"Australia/Tasmania",
         "tizen_tz":"Australia/Brisbane"
      },
      {
         "mood_tz":"Australia/Victoria",
         "tizen_tz":"Australia/Brisbane"
      },
      {
         "mood_tz":"Australia/Adelaide",
         "tizen_tz":"Australia/Adelaide"
      },
      {
         "mood_tz":"Australia/Broken_Hill",
         "tizen_tz":"Australia/Adelaide"
      },
      {
         "mood_tz":"Australia/North",
         "tizen_tz":"Australia/Adelaide"
      },
      {
         "mood_tz":"Australia/South",
         "tizen_tz":"Australia/Adelaide"
      },
      {
         "mood_tz":"Australia/Yancowinna",
         "tizen_tz":"Australia/Adelaide"
      },
      {
         "mood_tz":"Australia/Canberra",
         "tizen_tz":"Australia/Canberra"
      },
      {
         "mood_tz":"Australia/Darwin",
         "tizen_tz":"Australia/Darwin"
      },
      {
         "mood_tz":"Australia/Hobart",
         "tizen_tz":"Australia/Hobart"
      },
      {
         "mood_tz":"Australia/Perth",
         "tizen_tz":"Australia/Perth"
      },
      {
         "mood_tz":"Australia/West",
         "tizen_tz":"Australia/Perth"
      },
      {
         "mood_tz":"Canada/Atlantic",
         "tizen_tz":"Canada/Atlantic"
      },
      {
         "mood_tz":"Etc/GMT+1",
         "tizen_tz":"Etc/GMT+1"
      },
      {
         "mood_tz":"Etc/GMT+10",
         "tizen_tz":"US/Hawaii"
      },
      {
         "mood_tz":"HST",
         "tizen_tz":"US/Hawaii"
      },
      {
         "mood_tz":"Pacific/Honolulu",
         "tizen_tz":"US/Hawaii"
      },
      {
         "mood_tz":"Pacific/Johnston",
         "tizen_tz":"US/Hawaii"
      },
      {
         "mood_tz":"Pacific/Rarotonga",
         "tizen_tz":"US/Hawaii"
      },
      {
         "mood_tz":"Pacific/Tahiti",
         "tizen_tz":"US/Hawaii"
      },
      {
         "mood_tz":"US/Hawaii",
         "tizen_tz":"US/Hawaii"
      },
      {
         "mood_tz":"Etc/GMT+11",
         "tizen_tz":"Pacific/Samoa"
      },
      {
         "mood_tz":"Pacific/Midway",
         "tizen_tz":"Pacific/Samoa"
      },
      {
         "mood_tz":"Pacific/Niue",
         "tizen_tz":"Pacific/Samoa"
      },
      {
         "mood_tz":"Pacific/Pago_Pago",
         "tizen_tz":"Pacific/Samoa"
      },
      {
         "mood_tz":"Pacific/Samoa",
         "tizen_tz":"Pacific/Samoa"
      },
      {
         "mood_tz":"US/Samoa",
         "tizen_tz":"Pacific/Samoa"
      },
      {
         "mood_tz":"Etc/GMT+4",
         "tizen_tz":"Etc/GMT+4"
      },
      {
         "mood_tz":"Etc/GMT-12",
         "tizen_tz":"Etc/GMT-12"
      },
      {
         "mood_tz":"Etc/GMT-13",
         "tizen_tz":"Pacific/Tongatapu"
      },
      {
         "mood_tz":"Pacific/Apia",
         "tizen_tz":"Pacific/Tongatapu"
      },
      {
         "mood_tz":"Pacific/Enderbury",
         "tizen_tz":"Pacific/Tongatapu"
      },
      {
         "mood_tz":"Pacific/Fakaofo",
         "tizen_tz":"Pacific/Tongatapu"
      },
      {
         "mood_tz":"Pacific/Tongatapu",
         "tizen_tz":"Pacific/Tongatapu"
      },
      {
         "mood_tz":"Etc/GMT-2",
         "tizen_tz":"Etc/GMT-2"
      },
      {
         "mood_tz":"Europe/Amsterdam",
         "tizen_tz":"Europe/Amsterdam"
      },
      {
         "mood_tz":"Europe/Andorra",
         "tizen_tz":"Europe/Amsterdam"
      },
      {
         "mood_tz":"Europe/Berlin",
         "tizen_tz":"Europe/Amsterdam"
      },
      {
         "mood_tz":"Europe/Bratislava",
         "tizen_tz":"Europe/Amsterdam"
      },
      {
         "mood_tz":"Europe/Brussels",
         "tizen_tz":"Europe/Amsterdam"
      },
      {
         "mood_tz":"Europe/Budapest",
         "tizen_tz":"Europe/Amsterdam"
      },
      {
         "mood_tz":"Europe/Copenhagen",
         "tizen_tz":"Europe/Amsterdam"
      },
      {
         "mood_tz":"Europe/Gibraltar",
         "tizen_tz":"Europe/Amsterdam"
      },
      {
         "mood_tz":"Europe/Kaliningrad",
         "tizen_tz":"Europe/Amsterdam"
      },
      {
         "mood_tz":"Europe/Ljubljana",
         "tizen_tz":"Europe/Amsterdam"
      },
      {
         "mood_tz":"Europe/Luxembourg",
         "tizen_tz":"Europe/Amsterdam"
      },
      {
         "mood_tz":"Europe/Madrid",
         "tizen_tz":"Europe/Amsterdam"
      },
      {
         "mood_tz":"Europe/Malta",
         "tizen_tz":"Europe/Amsterdam"
      },
      {
         "mood_tz":"Europe/Monaco",
         "tizen_tz":"Europe/Amsterdam"
      },
      {
         "mood_tz":"Europe/Oslo",
         "tizen_tz":"Europe/Amsterdam"
      },
      {
         "mood_tz":"Europe/Podgorica",
         "tizen_tz":"Europe/Amsterdam"
      },
      {
         "mood_tz":"Europe/Prague",
         "tizen_tz":"Europe/Amsterdam"
      },
      {
         "mood_tz":"Europe/Rome",
         "tizen_tz":"Europe/Amsterdam"
      },
      {
         "mood_tz":"Europe/San_Marino",
         "tizen_tz":"Europe/Amsterdam"
      },
      {
         "mood_tz":"Europe/Skopje",
         "tizen_tz":"Europe/Amsterdam"
      },
      {
         "mood_tz":"Europe/Stockholm",
         "tizen_tz":"Europe/Amsterdam"
      },
      {
         "mood_tz":"Europe/Tirane",
         "tizen_tz":"Europe/Amsterdam"
      },
      {
         "mood_tz":"Europe/Vaduz",
         "tizen_tz":"Europe/Amsterdam"
      },
      {
         "mood_tz":"Europe/Vatican",
         "tizen_tz":"Europe/Amsterdam"
      },
      {
         "mood_tz":"Europe/Vienna",
         "tizen_tz":"Europe/Amsterdam"
      },
      {
         "mood_tz":"Europe/Warsaw",
         "tizen_tz":"Europe/Amsterdam"
      },
      {
         "mood_tz":"Europe/Zagreb",
         "tizen_tz":"Europe/Amsterdam"
      },
      {
         "mood_tz":"Europe/Zurich",
         "tizen_tz":"Europe/Amsterdam"
      },
      {
         "mood_tz":"Europe/Athens",
         "tizen_tz":"Europe/Athens"
      },
      {
         "mood_tz":"Europe/Bucharest",
         "tizen_tz":"Europe/Athens"
      },
      {
         "mood_tz":"Europe/Chisinau",
         "tizen_tz":"Europe/Athens"
      },
      {
         "mood_tz":"Europe/Istanbul",
         "tizen_tz":"Europe/Athens"
      },
      {
         "mood_tz":"Europe/Kiev",
         "tizen_tz":"Europe/Athens"
      },
      {
         "mood_tz":"Europe/Mariehamn",
         "tizen_tz":"Europe/Athens"
      },
      {
         "mood_tz":"Europe/Nicosia",
         "tizen_tz":"Europe/Athens"
      },
      {
         "mood_tz":"Europe/Riga",
         "tizen_tz":"Europe/Athens"
      },
      {
         "mood_tz":"Europe/Simferopol",
         "tizen_tz":"Europe/Athens"
      },
      {
         "mood_tz":"Europe/Sofia",
         "tizen_tz":"Europe/Athens"
      },
      {
         "mood_tz":"Europe/Tallinn",
         "tizen_tz":"Europe/Athens"
      },
      {
         "mood_tz":"Europe/Tiraspol",
         "tizen_tz":"Europe/Athens"
      },
      {
         "mood_tz":"Europe/Uzhgorod",
         "tizen_tz":"Europe/Athens"
      },
      {
         "mood_tz":"Europe/Vilnius",
         "tizen_tz":"Europe/Athens"
      },
      {
         "mood_tz":"Europe/Volgograd",
         "tizen_tz":"Europe/Athens"
      },
      {
         "mood_tz":"Europe/Zaporozhye",
         "tizen_tz":"Europe/Athens"
      },
      {
         "mood_tz":"Europe/Belfast",
         "tizen_tz":"Europe/London"
      },
      {
         "mood_tz":"Europe/Dublin",
         "tizen_tz":"Europe/London"
      },
      {
         "mood_tz":"Europe/Guernsey",
         "tizen_tz":"Europe/London"
      },
      {
         "mood_tz":"Europe/Isle_of_Man",
         "tizen_tz":"Europe/London"
      },
      {
         "mood_tz":"Europe/Jersey",
         "tizen_tz":"Europe/London"
      },
      {
         "mood_tz":"Europe/Lisbon",
         "tizen_tz":"Europe/London"
      },
      {
         "mood_tz":"Europe/London",
         "tizen_tz":"Europe/London"
      },
      {
         "mood_tz":"Europe/Belgrade",
         "tizen_tz":"Europe/Belgrade"
      },
      {
         "mood_tz":"Europe/Helsinki",
         "tizen_tz":"Europe/Helsinki"
      },
      {
         "mood_tz":"Europe/Minsk",
         "tizen_tz":"Europe/Minsk"
      },
      {
         "mood_tz":"Europe/Moscow",
         "tizen_tz":"Europe/Moscow"
      },
      {
         "mood_tz":"Europe/Paris",
         "tizen_tz":"Europe/Paris"
      },
      {
         "mood_tz":"Europe/Sarajevo",
         "tizen_tz":"Europe/Sarajevo"
      },
      {
         "mood_tz":"Pacific/Auckland",
         "tizen_tz":"Pacific/Auckland"
      },
      {
         "mood_tz":"Pacific/Funafuti",
         "tizen_tz":"Pacific/Auckland"
      },
      {
         "mood_tz":"Pacific/Kwajalein",
         "tizen_tz":"Pacific/Auckland"
      },
      {
         "mood_tz":"Pacific/Majuro",
         "tizen_tz":"Pacific/Auckland"
      },
      {
         "mood_tz":"Pacific/Nauru",
         "tizen_tz":"Pacific/Auckland"
      },
      {
         "mood_tz":"Pacific/Tarawa",
         "tizen_tz":"Pacific/Auckland"
      },
      {
         "mood_tz":"Pacific/Wake",
         "tizen_tz":"Pacific/Auckland"
      },
      {
         "mood_tz":"Pacific/Wallis",
         "tizen_tz":"Pacific/Auckland"
      },
      {
         "mood_tz":"Pacific/Chuuk",
         "tizen_tz":"Pacific/Guam"
      },
      {
         "mood_tz":"Pacific/Guam",
         "tizen_tz":"Pacific/Guam"
      },
      {
         "mood_tz":"Pacific/Port_Moresby",
         "tizen_tz":"Pacific/Guam"
      },
      {
         "mood_tz":"Pacific/Saipan",
         "tizen_tz":"Pacific/Guam"
      },
      {
         "mood_tz":"Pacific/Truk",
         "tizen_tz":"Pacific/Guam"
      },
      {
         "mood_tz":"Pacific/Yap",
         "tizen_tz":"Pacific/Guam"
      },
      {
         "mood_tz":"Pacific/Fiji",
         "tizen_tz":"Pacific/Fiji"
      },
      {
         "mood_tz":"US/Arizona",
         "tizen_tz":"US/Arizona"
      },
      {
         "mood_tz":"US/Central",
         "tizen_tz":"US/Central"
      },
      {
         "mood_tz":"US/Indiana-Starke",
         "tizen_tz":"US/Central"
      },
      {
         "mood_tz":"US/East-Indiana",
         "tizen_tz":"US/Eastern"
      },
      {
         "mood_tz":"US/Eastern",
         "tizen_tz":"US/Eastern"
      },
      {
         "mood_tz":"US/Michigan",
         "tizen_tz":"US/Eastern"
      },
      {
         "mood_tz":"US/Mountain",
         "tizen_tz":"US/Mountain"
      },
      {
         "mood_tz":"US/Pacific",
         "tizen_tz":"US/Pacific"
      },
      {
         "mood_tz":"Universal",
         "tizen_tz":"Universal"
      }
   ],
   "tz_tizen_to_mood":[
      {
         "tizen_tz":"Africa/Monrovia",
         "mood_tz":"Africa/Monrovia"
      },
      {
         "tizen_tz":"Africa/Nairobi",
         "mood_tz":"Africa/Nairobi"
      },
      {
         "tizen_tz":"Africa/Casablanca",
         "mood_tz":"Africa/Casablanca"
      },
      {
         "tizen_tz":"Africa/Cairo",
         "mood_tz":"Africa/Cairo"
      },
      {
         "tizen_tz":"Africa/Harare",
         "mood_tz":"Africa/Harare"
      },
      {
         "tizen_tz":"US/Alaska",
         "mood_tz":"US/Alaska"
      },
      {
         "tizen_tz":"America/Indiana",
         "mood_tz":"America/Indiana/Indianapolis"
      },
      {
         "tizen_tz":"America/Asuncion",
         "mood_tz":"America/Asuncion"
      },
      {
         "tizen_tz":"America/Argentina/Buenos_Aires",
         "mood_tz":"America/Argentina/Buenos_Aires"
      },
      {
         "tizen_tz":"America/Bogota",
         "mood_tz":"America/Bogota"
      },
      {
         "tizen_tz":"Canada/Saskatchewan",
         "mood_tz":"Canada/Saskatchewan"
      },
      {
         "tizen_tz":"America/Caracas",
         "mood_tz":"America/Caracas"
      },
      {
         "tizen_tz":"America/Cayenne",
         "mood_tz":"America/Cayenne"
      },
      {
         "tizen_tz":"America/Tijuana",
         "mood_tz":"America/Tijuana"
      },
      {
         "tizen_tz":"America/Grenada",
         "mood_tz":"America/Grenada"
      },
      {
         "tizen_tz":"America/La_Paz",
         "mood_tz":"America/La_Paz"
      },
      {
         "tizen_tz":"America/Manaus",
         "mood_tz":"America/Manaus"
      },
      {
         "tizen_tz":"America/Monterrey",
         "mood_tz":"America/Monterrey"
      },
      {
         "tizen_tz":"America/Montevideo",
         "mood_tz":"America/Montevideo"
      },
      {
         "tizen_tz":"America/Santiago",
         "mood_tz":"America/Santiago"
      },
      {
         "tizen_tz":"Canada/Newfoundland",
         "mood_tz":"Canada/Newfoundland"
      },
      {
         "tizen_tz":"Asia/Magadan",
         "mood_tz":"Asia/Magadan"
      },
      {
         "tizen_tz":"Asia/Bangkok",
         "mood_tz":"Asia/Bangkok"
      },
      {
         "tizen_tz":"Asia/Vladivostok",
         "mood_tz":"Asia/Vladivostok"
      },
      {
         "tizen_tz":"Asia/Karachi",
         "mood_tz":"Asia/Karachi"
      },
      {
         "tizen_tz":"Asia/Kamchatka",
         "mood_tz":"Asia/Kamchatka"
      },
      {
         "tizen_tz":"Asia/Dhaka",
         "mood_tz":"Asia/Dhaka"
      },
      {
         "tizen_tz":"Asia/Amman",
         "mood_tz":"Asia/Amman"
      },
      {
         "tizen_tz":"Asia/Baghdad",
         "mood_tz":"Asia/Baghdad"
      },
      {
         "tizen_tz":"Asia/Baku",
         "mood_tz":"Asia/Baku"
      },
      {
         "tizen_tz":"Asia/Beijing",
         "mood_tz":"Asia/Taipei"
      },
      {
         "tizen_tz":"Asia/Beirut",
         "mood_tz":"Asia/Beirut"
      },
      {
         "tizen_tz":"Asia/Irkutsk",
         "mood_tz":"Asia/Irkutsk"
      },
      {
         "tizen_tz":"Asia/Colombo",
         "mood_tz":"Asia/Colombo"
      },
      {
         "tizen_tz":"Asia/Seoul",
         "mood_tz":"Asia/Seoul"
      },
      {
         "tizen_tz":"Asia/Jerusalem",
         "mood_tz":"Asia/Jerusalem"
      },
      {
         "tizen_tz":"Asia/Kabul",
         "mood_tz":"Asia/Kabul"
      },
      {
         "tizen_tz":"Asia/Kathmandu",
         "mood_tz":"Asia/Kathmandu"
      },
      {
         "tizen_tz":"Asia/Kolkata",
         "mood_tz":"Asia/Kolkata"
      },
      {
         "tizen_tz":"Asia/Krasnoyarsk",
         "mood_tz":"Asia/Krasnoyarsk"
      },
      {
         "tizen_tz":"Asia/Kuala_Lumpur",
         "mood_tz":"Asia/Kuala_Lumpur"
      },
      {
         "tizen_tz":"Asia/Kuwait",
         "mood_tz":"Asia/Kuwait"
      },
      {
         "tizen_tz":"Asia/Muscat",
         "mood_tz":"Asia/Muscat"
      },
      {
         "tizen_tz":"Asia/Novosibirsk",
         "mood_tz":"Asia/Novosibirsk"
      },
      {
         "tizen_tz":"Asia/Rangoon",
         "mood_tz":"Asia/Rangoon"
      },
      {
         "tizen_tz":"Asia/Taipei",
         "mood_tz":"Asia/Taipei"
      },
      {
         "tizen_tz":"Asia/Tashkent",
         "mood_tz":"Asia/Tashkent"
      },
      {
         "tizen_tz":"Asia/Tbilisi",
         "mood_tz":"Asia/Tbilisi"
      },
      {
         "tizen_tz":"Asia/Tehran",
         "mood_tz":"Asia/Tehran"
      },
      {
         "tizen_tz":"Asia/Tokyo",
         "mood_tz":"Asia/Tokyo"
      },
      {
         "tizen_tz":"Asia/Ulaanbaatar",
         "mood_tz":"Asia/Ulaanbaatar"
      },
      {
         "tizen_tz":"Asia/Yakutsk",
         "mood_tz":"Asia/Yakutsk"
      },
      {
         "tizen_tz":"Asia/Yekaterinburg",
         "mood_tz":"Asia/Yekaterinburg"
      },
      {
         "tizen_tz":"Asia/Yerevan",
         "mood_tz":"Asia/Yerevan"
      },
      {
         "tizen_tz":"Atlantic/Azores",
         "mood_tz":"Atlantic/Azores"
      },
      {
         "tizen_tz":"Atlantic/Cape_Verde",
         "mood_tz":"Atlantic/Cape_Verde"
      },
      {
         "tizen_tz":"Australia/Brisbane",
         "mood_tz":"Australia/Brisbane"
      },
      {
         "tizen_tz":"Australia/Adelaide",
         "mood_tz":"Australia/Adelaide"
      },
      {
         "tizen_tz":"Australia/Canberra",
         "mood_tz":"Australia/Canberra"
      },
      {
         "tizen_tz":"Australia/Darwin",
         "mood_tz":"Australia/Darwin"
      },
      {
         "tizen_tz":"Australia/Hobart",
         "mood_tz":"Australia/Hobart"
      },
      {
         "tizen_tz":"Australia/Perth",
         "mood_tz":"Australia/Perth"
      },
      {
         "tizen_tz":"Canada/Atlantic",
         "mood_tz":"Canada/Atlantic"
      },
      {
         "tizen_tz":"Etc/GMT+1",
         "mood_tz":"Etc/GMT+1"
      },
      {
         "tizen_tz":"US/Hawaii",
         "mood_tz":"US/Hawaii"
      },
      {
         "tizen_tz":"Pacific/Samoa",
         "mood_tz":"Pacific/Samoa"
      },
      {
         "tizen_tz":"Etc/GMT+4",
         "mood_tz":"Etc/GMT+4"
      },
      {
         "tizen_tz":"Etc/GMT-12",
         "mood_tz":"Etc/GMT-12"
      },
      {
         "tizen_tz":"Pacific/Tongatapu",
         "mood_tz":"Pacific/Tongatapu"
      },
      {
         "tizen_tz":"Etc/GMT-2",
         "mood_tz":"Etc/GMT-2"
      },
      {
         "tizen_tz":"Europe/Amsterdam",
         "mood_tz":"Europe/Amsterdam"
      },
      {
         "tizen_tz":"Europe/Athens",
         "mood_tz":"Europe/Athens"
      },
      {
         "tizen_tz":"Europe/London",
         "mood_tz":"Europe/London"
      },
      {
         "tizen_tz":"Europe/Belgrade",
         "mood_tz":"Europe/Belgrade"
      },
      {
         "tizen_tz":"Europe/Helsinki",
         "mood_tz":"Europe/Helsinki"
      },
      {
         "tizen_tz":"Europe/Minsk",
         "mood_tz":"Europe/Minsk"
      },
      {
         "tizen_tz":"Europe/Moscow",
         "mood_tz":"Europe/Moscow"
      },
      {
         "tizen_tz":"Europe/Paris",
         "mood_tz":"Europe/Paris"
      },
      {
         "tizen_tz":"Europe/Sarajevo",
         "mood_tz":"Europe/Sarajevo"
      },
      {
         "tizen_tz":"Pacific/Auckland",
         "mood_tz":"Pacific/Auckland"
      },
      {
         "tizen_tz":"Pacific/Guam",
         "mood_tz":"Pacific/Guam"
      },
      {
         "tizen_tz":"Pacific/Fiji",
         "mood_tz":"Pacific/Fiji"
      },
      {
         "tizen_tz":"US/Arizona",
         "mood_tz":"US/Arizona"
      },
      {
         "tizen_tz":"US/Central",
         "mood_tz":"US/Central"
      },
      {
         "tizen_tz":"US/Eastern",
         "mood_tz":"US/Eastern"
      },
      {
         "tizen_tz":"US/Mountain",
         "mood_tz":"US/Mountain"
      },
      {
         "tizen_tz":"US/Pacific",
         "mood_tz":"US/Pacific"
      },
      {
         "tizen_tz":"Universal",
         "mood_tz":"Universal"
      }
   ]
}